{"cameraMode":{"drawMode":0,"name":"Shaded","section":"Shading Mode"},"sceneLighting":true,"audioPlay":false,"sceneViewState":{"showFog":false,"showMaterialUpdate":false,"showSkybox":false,"showFlares":false,"showImageEffects":false,"showParticleSystems":false},"in2DMode":false,"pivot":{"x":-23.929847717285158,"y":-1.7958297729492188,"z":6.311094284057617},"rotation":{"x":-0.12915319204330445,"y":0.600500762462616,"z":-0.09907446056604386,"w":-0.7829158306121826},"size":40.30284118652344,"orthographic":false}