{"cameraMode":{"drawMode":0,"name":"Shaded","section":"Shading Mode"},"sceneLighting":false,"audioPlay":false,"sceneViewState":{"showFog":false,"showMaterialUpdate":false,"showSkybox":false,"showFlares":false,"showImageEffects":false,"showParticleSystems":false},"in2DMode":false,"pivot":{"x":2.613426685333252,"y":4.363497734069824,"z":0.5876777172088623},"rotation":{"x":-0.13434800505638123,"y":0.7928325533866882,"z":-0.1889847069978714,"w":-0.5636194944381714},"size":1.6355705261230469,"orthographic":false}