{"cameraMode":{"drawMode":0,"name":"Shaded","section":"Shading Mode"},"sceneLighting":false,"audioPlay":false,"sceneViewState":{"showFog":false,"showMaterialUpdate":false,"showSkybox":false,"showFlares":false,"showImageEffects":false,"showParticleSystems":false},"in2DMode":false,"pivot":{"x":-30.573440551757814,"y":18.42806625366211,"z":-57.26603698730469},"rotation":{"x":-0.1036103367805481,"y":0.8218709230422974,"z":-0.15848815441131593,"w":-0.5372899174690247},"size":48.40570068359375,"orthographic":false}