{"cameraMode":{"drawMode":0,"name":"Shaded","section":"Shading Mode"},"sceneLighting":false,"audioPlay":false,"sceneViewState":{"showFog":false,"showMaterialUpdate":false,"showSkybox":false,"showFlares":false,"showImageEffects":false,"showParticleSystems":false},"in2DMode":false,"pivot":{"x":3.58441162109375,"y":2.3254544734954836,"z":2.3792343139648439},"rotation":{"x":-0.13525836169719697,"y":0.6302370429039002,"z":-0.1127362921833992,"w":-0.7561957240104675},"size":4.348090648651123,"orthographic":false}