{"cameraMode":{"drawMode":0,"name":"Shaded","section":"Shading Mode"},"sceneLighting":false,"audioPlay":false,"sceneViewState":{"showFog":false,"showMaterialUpdate":false,"showSkybox":false,"showFlares":false,"showImageEffects":false,"showParticleSystems":false},"in2DMode":false,"pivot":{"x":79.73585510253906,"y":9.668983459472657,"z":-295.518310546875},"rotation":{"x":-0.191860631108284,"y":0.1816568225622177,"z":-0.03616204112768173,"w":-0.9637899994850159},"size":43.31452560424805,"orthographic":false}